prefix,resource,organisation,reference,entity
national-nature-reserve,,government-organisation:PB202,TG489208,45000000
national-nature-reserve,,government-organisation:PB202,SJ772204,45000001
national-nature-reserve,,government-organisation:PB202,SJ772204,45000002
national-nature-reserve,,government-organisation:PB202,TL088297,45000003
national-nature-reserve,,government-organisation:PB202,SU603226,45000004
national-nature-reserve,,government-organisation:PB202,TL041995,45000005
national-nature-reserve,,government-organisation:PB202,SX941564,45000006
national-nature-reserve,,government-organisation:PB202,SX941564,45000007
national-nature-reserve,,government-organisation:PB202,SX941564,45000008
national-nature-reserve,,government-organisation:PB202,SX941564,45000009
national-nature-reserve,,government-organisation:PB202,SX941564,45000010
national-nature-reserve,,government-organisation:PB202,TL978124,45000011
national-nature-reserve,,government-organisation:PB202,TL978124,45000012
national-nature-reserve,,government-organisation:PB202,TL978124,45000013
national-nature-reserve,,government-organisation:PB202,TL978124,45000014
national-nature-reserve,,government-organisation:PB202,TL978124,45000015
national-nature-reserve,,government-organisation:PB202,TL978124,45000016
national-nature-reserve,,government-organisation:PB202,TL978124,45000017
national-nature-reserve,,government-organisation:PB202,TL978124,45000018
national-nature-reserve,,government-organisation:PB202,TL978124,45000019
national-nature-reserve,,government-organisation:PB202,TL978124,45000020
national-nature-reserve,,government-organisation:PB202,TL978124,45000021
national-nature-reserve,,government-organisation:PB202,TL978124,45000022
national-nature-reserve,,government-organisation:PB202,TL978124,45000023
national-nature-reserve,,government-organisation:PB202,TL978124,45000024
national-nature-reserve,,government-organisation:PB202,TL978124,45000025
national-nature-reserve,,government-organisation:PB202,TL978124,45000026
national-nature-reserve,,government-organisation:PB202,TL978124,45000027
national-nature-reserve,,government-organisation:PB202,TL978124,45000028
national-nature-reserve,,government-organisation:PB202,TL978124,45000029
national-nature-reserve,,government-organisation:PB202,TL978124,45000030
national-nature-reserve,,government-organisation:PB202,TL978124,45000031
national-nature-reserve,,government-organisation:PB202,TL978124,45000032
national-nature-reserve,,government-organisation:PB202,TL978124,45000033
national-nature-reserve,,government-organisation:PB202,TL978124,45000034
national-nature-reserve,,government-organisation:PB202,TL978124,45000035
national-nature-reserve,,government-organisation:PB202,TL978124,45000036
national-nature-reserve,,government-organisation:PB202,TL978124,45000037
national-nature-reserve,,government-organisation:PB202,TL978124,45000038
national-nature-reserve,,government-organisation:PB202,TL978124,45000039
national-nature-reserve,,government-organisation:PB202,TL978124,45000040
national-nature-reserve,,government-organisation:PB202,TL978124,45000041
national-nature-reserve,,government-organisation:PB202,TL978124,45000042
national-nature-reserve,,government-organisation:PB202,TL978124,45000043
national-nature-reserve,,government-organisation:PB202,TL978124,45000044
national-nature-reserve,,government-organisation:PB202,TL978124,45000045
national-nature-reserve,,government-organisation:PB202,TL978124,45000046
national-nature-reserve,,government-organisation:PB202,TL978124,45000047
national-nature-reserve,,government-organisation:PB202,TL978124,45000048
national-nature-reserve,,government-organisation:PB202,TL978124,45000049
national-nature-reserve,,government-organisation:PB202,TL978124,45000050
national-nature-reserve,,government-organisation:PB202,TL978124,45000051
national-nature-reserve,,government-organisation:PB202,TL978124,45000052
national-nature-reserve,,government-organisation:PB202,TL978124,45000053
national-nature-reserve,,government-organisation:PB202,TL978124,45000054
national-nature-reserve,,government-organisation:PB202,TL978124,45000055
national-nature-reserve,,government-organisation:PB202,TL978124,45000056
national-nature-reserve,,government-organisation:PB202,TL978124,45000057
national-nature-reserve,,government-organisation:PB202,TL978124,45000058
national-nature-reserve,,government-organisation:PB202,TL978124,45000059
national-nature-reserve,,government-organisation:PB202,TL978124,45000060
national-nature-reserve,,government-organisation:PB202,TL978124,45000061
national-nature-reserve,,government-organisation:PB202,TL978124,45000062
national-nature-reserve,,government-organisation:PB202,TL978124,45000063
national-nature-reserve,,government-organisation:PB202,TL978124,45000064
national-nature-reserve,,government-organisation:PB202,TL978124,45000065
national-nature-reserve,,government-organisation:PB202,TL978124,45000066
national-nature-reserve,,government-organisation:PB202,TL978124,45000067
national-nature-reserve,,government-organisation:PB202,TL978124,45000068
national-nature-reserve,,government-organisation:PB202,TL978124,45000069
national-nature-reserve,,government-organisation:PB202,TL978124,45000070
national-nature-reserve,,government-organisation:PB202,TL978124,45000071
national-nature-reserve,,government-organisation:PB202,TL978124,45000072
national-nature-reserve,,government-organisation:PB202,TL978124,45000073
national-nature-reserve,,government-organisation:PB202,TL978124,45000074
national-nature-reserve,,government-organisation:PB202,TL978124,45000075
national-nature-reserve,,government-organisation:PB202,TL978124,45000076
national-nature-reserve,,government-organisation:PB202,TL978124,45000077
national-nature-reserve,,government-organisation:PB202,TL978124,45000078
national-nature-reserve,,government-organisation:PB202,TL978124,45000079
national-nature-reserve,,government-organisation:PB202,TL978124,45000080
national-nature-reserve,,government-organisation:PB202,TL978124,45000081
national-nature-reserve,,government-organisation:PB202,TL978124,45000082
national-nature-reserve,,government-organisation:PB202,TL978124,45000083
national-nature-reserve,,government-organisation:PB202,TL978124,45000084
national-nature-reserve,,government-organisation:PB202,TL978124,45000085
national-nature-reserve,,government-organisation:PB202,TL978124,45000086
national-nature-reserve,,government-organisation:PB202,TL978124,45000087
national-nature-reserve,,government-organisation:PB202,TL978124,45000088
national-nature-reserve,,government-organisation:PB202,TL978124,45000089
national-nature-reserve,,government-organisation:PB202,TL978124,45000090
national-nature-reserve,,government-organisation:PB202,TL978124,45000091
national-nature-reserve,,government-organisation:PB202,TL978124,45000092
national-nature-reserve,,government-organisation:PB202,TL978124,45000093
national-nature-reserve,,government-organisation:PB202,TL978124,45000094
national-nature-reserve,,government-organisation:PB202,TL978124,45000095
national-nature-reserve,,government-organisation:PB202,TL978124,45000096
national-nature-reserve,,government-organisation:PB202,TL978124,45000097
national-nature-reserve,,government-organisation:PB202,TL978124,45000098
national-nature-reserve,,government-organisation:PB202,TL978124,45000099
national-nature-reserve,,government-organisation:PB202,TL978124,45000100
national-nature-reserve,,government-organisation:PB202,TL978124,45000101
national-nature-reserve,,government-organisation:PB202,TL978124,45000102
national-nature-reserve,,government-organisation:PB202,TL978124,45000103
national-nature-reserve,,government-organisation:PB202,TL978124,45000104
national-nature-reserve,,government-organisation:PB202,TL978124,45000105
national-nature-reserve,,government-organisation:PB202,TL978124,45000106
national-nature-reserve,,government-organisation:PB202,TL978124,45000107
national-nature-reserve,,government-organisation:PB202,TL978124,45000108
national-nature-reserve,,government-organisation:PB202,TL978124,45000109
national-nature-reserve,,government-organisation:PB202,TL978124,45000110
national-nature-reserve,,government-organisation:PB202,TL978124,45000111
national-nature-reserve,,government-organisation:PB202,TL978124,45000112
national-nature-reserve,,government-organisation:PB202,TL978124,45000113
national-nature-reserve,,government-organisation:PB202,TL978124,45000114
national-nature-reserve,,government-organisation:PB202,TL978124,45000115
national-nature-reserve,,government-organisation:PB202,TL978124,45000116
national-nature-reserve,,government-organisation:PB202,TL978124,45000117
national-nature-reserve,,government-organisation:PB202,TL978124,45000118
national-nature-reserve,,government-organisation:PB202,TL978124,45000119
national-nature-reserve,,government-organisation:PB202,TL978124,45000120
national-nature-reserve,,government-organisation:PB202,TL978124,45000121
national-nature-reserve,,government-organisation:PB202,TL978124,45000122
national-nature-reserve,,government-organisation:PB202,TL978124,45000123
national-nature-reserve,,government-organisation:PB202,NY365006,45000124
national-nature-reserve,,government-organisation:PB202,SS879431,45000125
national-nature-reserve,,government-organisation:PB202,SS879431,45000126
national-nature-reserve,,government-organisation:PB202,SS862324,45000127
national-nature-reserve,,government-organisation:PB202,SS862324,45000128
national-nature-reserve,,government-organisation:PB202,SX617619,45000129
national-nature-reserve,,government-organisation:PB202,SX566890,45000130
national-nature-reserve,,government-organisation:PB202,SP707432,45000131
national-nature-reserve,,government-organisation:PB202,SU795596,45000132
national-nature-reserve,,government-organisation:PB202,TF117016,45000133
national-nature-reserve,,government-organisation:PB202,TF117016,45000134
national-nature-reserve,,government-organisation:PB202,TL751727,45000135
national-nature-reserve,,government-organisation:PB202,SO914737,45000136
national-nature-reserve,,government-organisation:PB202,SO914737,45000137
national-nature-reserve,,government-organisation:PB202,SK465153,45000138
national-nature-reserve,,government-organisation:PB202,SK465153,45000139
national-nature-reserve,,government-organisation:PB202,SK465153,45000140
national-nature-reserve,,government-organisation:PB202,SK465153,45000141
national-nature-reserve,,government-organisation:PB202,SD912727,45000142
national-nature-reserve,,government-organisation:PB202,NU168295,45000143
national-nature-reserve,,government-organisation:PB202,SP352000,45000144
national-nature-reserve,,government-organisation:PB202,NY578256,45000145
national-nature-reserve,,government-organisation:PB202,SE607829,45000146
national-nature-reserve,,government-organisation:PB202,SX614777,45000147
national-nature-reserve,,government-organisation:PB202,TL197800,45000148
national-nature-reserve,,government-organisation:PB202,TA013232,45000149
national-nature-reserve,,government-organisation:PB202,TA013232,45000150
national-nature-reserve,,government-organisation:PB202,SO978649,45000151
national-nature-reserve,,government-organisation:PB202,TL758891,45000152
national-nature-reserve,,government-organisation:PB202,TL758891,45000153
national-nature-reserve,,government-organisation:PB202,SX824440,45000154
national-nature-reserve,,government-organisation:PB202,SX824440,45000155
national-nature-reserve,,government-organisation:PB202,SX824440,45000156
national-nature-reserve,,government-organisation:PB202,SX824440,45000157
national-nature-reserve,,government-organisation:PB202,TF019002,45000158
national-nature-reserve,,government-organisation:PB202,TF019002,45000159
national-nature-reserve,,government-organisation:PB202,TM058134,45000160
national-nature-reserve,,government-organisation:PB202,TM058134,45000161
national-nature-reserve,,government-organisation:PB202,TM058134,45000162
national-nature-reserve,,government-organisation:PB202,TM058134,45000163
national-nature-reserve,,government-organisation:PB202,TM058134,45000164
national-nature-reserve,,government-organisation:PB202,TM058134,45000165
national-nature-reserve,,government-organisation:PB202,TM058134,45000166
national-nature-reserve,,government-organisation:PB202,TM058134,45000167
national-nature-reserve,,government-organisation:PB202,TM058134,45000168
national-nature-reserve,,government-organisation:PB202,TM058134,45000169
national-nature-reserve,,government-organisation:PB202,TM058134,45000170
national-nature-reserve,,government-organisation:PB202,TM058134,45000171
national-nature-reserve,,government-organisation:PB202,SK899188,45000172
national-nature-reserve,,government-organisation:PB202,SK899188,45000173
national-nature-reserve,,government-organisation:PB202,NY690795,45000174
national-nature-reserve,,government-organisation:PB202,NY690795,45000175
national-nature-reserve,,government-organisation:PB202,NY682957,45000176
national-nature-reserve,,government-organisation:PB202,TL131307,45000177
national-nature-reserve,,government-organisation:PB202,TQ835848,45000178
national-nature-reserve,,government-organisation:PB202,SD800785,45000179
national-nature-reserve,,government-organisation:PB202,TL846801,45000180
national-nature-reserve,,government-organisation:PB202,NY173485,45000181
national-nature-reserve,,government-organisation:PB202,TF564586,45000182
national-nature-reserve,,government-organisation:PB202,SX224687,45000183
national-nature-reserve,,government-organisation:PB202,ST435730,45000184
national-nature-reserve,,government-organisation:PB202,ST435730,45000185
national-nature-reserve,,government-organisation:PB202,NY679739,45000186
national-nature-reserve,,government-organisation:PB202,NY679739,45000187
national-nature-reserve,,government-organisation:PB202,TL571403,45000188
national-nature-reserve,,government-organisation:PB202,NY065005,45000189
national-nature-reserve,,government-organisation:PB202,ST515128,45000190
national-nature-reserve,,government-organisation:PB202,SS865455,45000191
national-nature-reserve,,government-organisation:PB202,SS865455,45000192
national-nature-reserve,,government-organisation:PB202,TQ781762,45000193
national-nature-reserve,,government-organisation:PB202,NY062180,45000194
national-nature-reserve,,government-organisation:PB202,TF716448,45000195
national-nature-reserve,,government-organisation:PB202,ST457021,45000196
national-nature-reserve,,government-organisation:PB202,SJ928445,45000197
national-nature-reserve,,government-organisation:PB202,NY655098,45000198
national-nature-reserve,,government-organisation:PB202,TQ544016,45000199
national-nature-reserve,,government-organisation:PB202,SO341425,45000200
national-nature-reserve,,government-organisation:PB202,TA410124,45000201
national-nature-reserve,,government-organisation:PB202,TF918453,45000202
national-nature-reserve,,government-organisation:PB202,TF918453,45000203
national-nature-reserve,,government-organisation:PB202,TF918453,45000204
national-nature-reserve,,government-organisation:PB202,TF918453,45000205
national-nature-reserve,,government-organisation:PB202,TF918453,45000206
national-nature-reserve,,government-organisation:PB202,TF918453,45000207
national-nature-reserve,,government-organisation:PB202,TF918453,45000208
national-nature-reserve,,government-organisation:PB202,TF918453,45000209
national-nature-reserve,,government-organisation:PB202,TF918453,45000210
national-nature-reserve,,government-organisation:PB202,TF918453,45000211
national-nature-reserve,,government-organisation:PB202,TF918453,45000212
national-nature-reserve,,government-organisation:PB202,TF918453,45000213
national-nature-reserve,,government-organisation:PB202,TF918453,45000214
national-nature-reserve,,government-organisation:PB202,TF918453,45000215
national-nature-reserve,,government-organisation:PB202,NY798668,45000216
national-nature-reserve,,government-organisation:PB202,TM457697,45000217
national-nature-reserve,,government-organisation:PB202,TM457697,45000218
national-nature-reserve,,government-organisation:PB202,ST845124,45000219
national-nature-reserve,,government-organisation:PB202,ST845124,45000220
national-nature-reserve,,government-organisation:PB202,SS301080,45000221
national-nature-reserve,,government-organisation:PB202,SS301080,45000222
national-nature-reserve,,government-organisation:PB202,SS301080,45000223
national-nature-reserve,,government-organisation:PB202,SD890668,45000224
national-nature-reserve,,government-organisation:PB202,SD931642,45000225
national-nature-reserve,,government-organisation:PB202,SU643208,45000226
national-nature-reserve,,government-organisation:PB202,TR353625,45000227
national-nature-reserve,,government-organisation:PB202,TR353625,45000228
national-nature-reserve,,government-organisation:PB202,NY134268,45000229
national-nature-reserve,,government-organisation:PB202,SJ744842,45000230
national-nature-reserve,,government-organisation:PB202,SD334886,45000231
national-nature-reserve,,government-organisation:PB202,SO369997,45000232
national-nature-reserve,,government-organisation:PB202,SO369997,45000233
national-nature-reserve,,government-organisation:PB202,SP098970,45000234
national-nature-reserve,,government-organisation:PB202,SP098970,45000235
national-nature-reserve,,government-organisation:PB202,SP098970,45000236
national-nature-reserve,,government-organisation:PB202,SP098970,45000237
national-nature-reserve,,government-organisation:PB202,TL251826,45000238
national-nature-reserve,,government-organisation:PB202,SU459996,45000239
national-nature-reserve,,government-organisation:PB202,NZ315326,45000240
national-nature-reserve,,government-organisation:PB202,SU950850,45000241
national-nature-reserve,,government-organisation:PB202,TG322345,45000242
national-nature-reserve,,government-organisation:PB202,SD479769,45000243
national-nature-reserve,,government-organisation:PB202,SO942398,45000244
national-nature-reserve,,government-organisation:PB202,SX984796,45000245
national-nature-reserve,,government-organisation:PB202,SU093946,45000246
national-nature-reserve,,government-organisation:PB202,SU093946,45000247
national-nature-reserve,,government-organisation:PB202,SU561620,45000248
national-nature-reserve,,government-organisation:PB202,SD178725,45000249
national-nature-reserve,,government-organisation:PB202,SU537031,45000250
national-nature-reserve,,government-organisation:PB202,SY596878,45000251
national-nature-reserve,,government-organisation:PB202,SY596878,45000252
national-nature-reserve,,government-organisation:PB202,TQ443090,45000253
national-nature-reserve,,government-organisation:PB202,TQ176597,45000254
national-nature-reserve,,government-organisation:PB202,TQ597742,45000255
national-nature-reserve,,government-organisation:PB202,TR077452,45000256
national-nature-reserve,,government-organisation:PB202,TR077452,45000257
national-nature-reserve,,government-organisation:PB202,TR077452,45000258
national-nature-reserve,,government-organisation:PB202,SJ473343,45000259
national-nature-reserve,,government-organisation:PB202,SD189750,45000260
national-nature-reserve,,government-organisation:PB202,TF131680,45000261
national-nature-reserve,,government-organisation:PB202,TF131680,45000262
national-nature-reserve,,government-organisation:PB202,TF131680,45000263
national-nature-reserve,,government-organisation:PB202,TF131680,45000264
national-nature-reserve,,government-organisation:PB202,TF131680,45000265
national-nature-reserve,,government-organisation:PB202,TF131680,45000266
national-nature-reserve,,government-organisation:PB202,TF131680,45000267
national-nature-reserve,,government-organisation:PB202,TF131680,45000268
national-nature-reserve,,government-organisation:PB202,TF131680,45000269
national-nature-reserve,,government-organisation:PB202,TF131680,45000270
national-nature-reserve,,government-organisation:PB202,SD538787,45000271
national-nature-reserve,,government-organisation:PB202,SD538787,45000272
national-nature-reserve,,government-organisation:PB202,SD549776,45000273
national-nature-reserve,,government-organisation:PB202,SD549776,45000274
national-nature-reserve,,government-organisation:PB202,TG411259,45000275
national-nature-reserve,,government-organisation:PB202,NT697040,45000276
national-nature-reserve,,government-organisation:PB202,SP335168,45000277
national-nature-reserve,,government-organisation:PB202,SU002361,45000278
national-nature-reserve,,government-organisation:PB202,TR008341,45000279
national-nature-reserve,,government-organisation:PB202,TR008341,45000280
national-nature-reserve,,government-organisation:PB202,TQ661062,45000281
national-nature-reserve,,government-organisation:PB202,TQ661062,45000282
national-nature-reserve,,government-organisation:PB202,TQ661062,45000283
national-nature-reserve,,government-organisation:PB202,SU714198,45000284
national-nature-reserve,,government-organisation:PB202,SU714198,45000285
national-nature-reserve,,government-organisation:PB202,SU714198,45000286
national-nature-reserve,,government-organisation:PB202,SU714198,45000287
national-nature-reserve,,government-organisation:PB202,NY769696,45000288
national-nature-reserve,,government-organisation:PB202,NU218359,45000289
national-nature-reserve,,government-organisation:PB202,NU218359,45000290
national-nature-reserve,,government-organisation:PB202,NU218359,45000291
national-nature-reserve,,government-organisation:PB202,NU218359,45000292
national-nature-reserve,,government-organisation:PB202,NU218359,45000293
national-nature-reserve,,government-organisation:PB202,NU218359,45000294
national-nature-reserve,,government-organisation:PB202,NU218359,45000295
national-nature-reserve,,government-organisation:PB202,NU218359,45000296
national-nature-reserve,,government-organisation:PB202,NU218359,45000297
national-nature-reserve,,government-organisation:PB202,NU218359,45000298
national-nature-reserve,,government-organisation:PB202,NU218359,45000299
national-nature-reserve,,government-organisation:PB202,NU218359,45000300
national-nature-reserve,,government-organisation:PB202,NU218359,45000301
national-nature-reserve,,government-organisation:PB202,NU218359,45000302
national-nature-reserve,,government-organisation:PB202,NU218359,45000303
national-nature-reserve,,government-organisation:PB202,NU218359,45000304
national-nature-reserve,,government-organisation:PB202,NU218359,45000305
national-nature-reserve,,government-organisation:PB202,NU218359,45000306
national-nature-reserve,,government-organisation:PB202,NU218359,45000307
national-nature-reserve,,government-organisation:PB202,NU218359,45000308
national-nature-reserve,,government-organisation:PB202,NU218359,45000309
national-nature-reserve,,government-organisation:PB202,NU218359,45000310
national-nature-reserve,,government-organisation:PB202,NU218359,45000311
national-nature-reserve,,government-organisation:PB202,NU218359,45000312
national-nature-reserve,,government-organisation:PB202,NU218359,45000313
national-nature-reserve,,government-organisation:PB202,NU218359,45000314
national-nature-reserve,,government-organisation:PB202,NU218359,45000315
national-nature-reserve,,government-organisation:PB202,NU218359,45000316
national-nature-reserve,,government-organisation:PB202,NU218359,45000317
national-nature-reserve,,government-organisation:PB202,NU218359,45000318
national-nature-reserve,,government-organisation:PB202,NU218359,45000319
national-nature-reserve,,government-organisation:PB202,NU218359,45000320
national-nature-reserve,,government-organisation:PB202,NU218359,45000321
national-nature-reserve,,government-organisation:PB202,NU218359,45000322
national-nature-reserve,,government-organisation:PB202,NU218359,45000323
national-nature-reserve,,government-organisation:PB202,NU218359,45000324
national-nature-reserve,,government-organisation:PB202,SO439737,45000325
national-nature-reserve,,government-organisation:PB202,SU824112,45000326
national-nature-reserve,,government-organisation:PB202,SK023281,45000327
national-nature-reserve,,government-organisation:PB202,TR286447,45000328
national-nature-reserve,,government-organisation:PB202,TM049796,45000329
national-nature-reserve,,government-organisation:PB202,ST559734,45000330
national-nature-reserve,,government-organisation:PB202,ST559734,45000331
national-nature-reserve,,government-organisation:PB202,TF075046,45000332
national-nature-reserve,,government-organisation:PB202,SO539086,45000333
national-nature-reserve,,government-organisation:PB202,NY254585,45000334
national-nature-reserve,,government-organisation:PB202,NY254585,45000335
national-nature-reserve,,government-organisation:PB202,NY219528,45000336
national-nature-reserve,,government-organisation:PB202,NY219528,45000337
national-nature-reserve,,government-organisation:PB202,NY219528,45000338
national-nature-reserve,,government-organisation:PB202,NY219528,45000339
national-nature-reserve,,government-organisation:PB202,NY219528,45000340
national-nature-reserve,,government-organisation:PB202,NY219528,45000341
national-nature-reserve,,government-organisation:PB202,NY219528,45000342
national-nature-reserve,,government-organisation:PB202,NY219528,45000343
national-nature-reserve,,government-organisation:PB202,NY219528,45000344
national-nature-reserve,,government-organisation:PB202,NY219528,45000345
national-nature-reserve,,government-organisation:PB202,NY219528,45000346
national-nature-reserve,,government-organisation:PB202,NY219528,45000347
national-nature-reserve,,government-organisation:PB202,NY219528,45000348
national-nature-reserve,,government-organisation:PB202,NY219528,45000349
national-nature-reserve,,government-organisation:PB202,SO532030,45000350
national-nature-reserve,,government-organisation:PB202,TR103600,45000351
national-nature-reserve,,government-organisation:PB202,TR103600,45000352
national-nature-reserve,,government-organisation:PB202,TR103600,45000353
national-nature-reserve,,government-organisation:PB202,TR103600,45000354
national-nature-reserve,,government-organisation:PB202,TR103600,45000355
national-nature-reserve,,government-organisation:PB202,TQ372067,45000356
national-nature-reserve,,government-organisation:PB202,SK616683,45000357
national-nature-reserve,,government-organisation:PB202,SJ696502,45000358
national-nature-reserve,,government-organisation:PB202,SJ696502,45000359
national-nature-reserve,,government-organisation:PB202,NY728072,45000360
national-nature-reserve,,government-organisation:PB202,ST300169,45000361
national-nature-reserve,,government-organisation:PB202,NZ432395,45000362
national-nature-reserve,,government-organisation:PB202,NZ432395,45000363
national-nature-reserve,,government-organisation:PB202,NZ432395,45000364
national-nature-reserve,,government-organisation:PB202,NZ485370,45000365
national-nature-reserve,,government-organisation:PB202,NZ485370,45000366
national-nature-reserve,,government-organisation:PB202,NZ485370,45000367
national-nature-reserve,,government-organisation:PB202,NZ485370,45000368
national-nature-reserve,,government-organisation:PB202,NZ485370,45000369
national-nature-reserve,,government-organisation:PB202,SK174732,45000370
national-nature-reserve,,government-organisation:PB202,SK174732,45000371
national-nature-reserve,,government-organisation:PB202,SK174732,45000372
national-nature-reserve,,government-organisation:PB202,SK174732,45000373
national-nature-reserve,,government-organisation:PB202,SK174732,45000374
national-nature-reserve,,government-organisation:PB202,SK174732,45000375
national-nature-reserve,,government-organisation:PB202,TM044033,45000376
national-nature-reserve,,government-organisation:PB202,TL647694,45000377
national-nature-reserve,,government-organisation:PB202,TL206889,45000378
national-nature-reserve,,government-organisation:PB202,TL206889,45000379
national-nature-reserve,,government-organisation:PB202,TL206889,45000380
national-nature-reserve,,government-organisation:PB202,TL554701,45000381
national-nature-reserve,,government-organisation:PB202,SU976271,45000382
national-nature-reserve,,government-organisation:PB202,TL229844,45000383
national-nature-reserve,,government-organisation:PB202,TL320058,45000384
national-nature-reserve,,government-organisation:PB202,TL320058,45000385
national-nature-reserve,,government-organisation:PB202,TL320058,45000386
national-nature-reserve,,government-organisation:PB202,TL320058,45000387
national-nature-reserve,,government-organisation:PB202,TL320058,45000388
national-nature-reserve,,government-organisation:PB202,SY617975,45000389
national-nature-reserve,,government-organisation:PB202,SY617975,45000390
national-nature-reserve,,government-organisation:PB202,SY617975,45000391
national-nature-reserve,,government-organisation:PB202,TR226620,45000392
national-nature-reserve,,government-organisation:PB202,SK824366,45000393
national-nature-reserve,,government-organisation:PB202,SK824366,45000394
national-nature-reserve,,government-organisation:PB202,TM229253,45000395
national-nature-reserve,,government-organisation:PB202,TM229253,45000396
national-nature-reserve,,government-organisation:PB202,TM229253,45000397
national-nature-reserve,,government-organisation:PB202,SO547144,45000398
national-nature-reserve,,government-organisation:PB202,TG338162,45000399
national-nature-reserve,,government-organisation:PB202,TG338162,45000400
national-nature-reserve,,government-organisation:PB202,TG338162,45000401
national-nature-reserve,,government-organisation:PB202,TG423211,45000402
national-nature-reserve,,government-organisation:PB202,TG423211,45000403
national-nature-reserve,,government-organisation:PB202,TG366193,45000404
national-nature-reserve,,government-organisation:PB202,TG407178,45000405
national-nature-reserve,,government-organisation:PB202,TG407178,45000406
national-nature-reserve,,government-organisation:PB202,TG407178,45000407
national-nature-reserve,,government-organisation:PB202,TG457203,45000408
national-nature-reserve,,government-organisation:PB202,TG345055,45000409
national-nature-reserve,,government-organisation:PB202,TG345055,45000410
national-nature-reserve,,government-organisation:PB202,TG345055,45000411
national-nature-reserve,,government-organisation:PB202,TG345055,45000412
national-nature-reserve,,government-organisation:PB202,TG345055,45000413
national-nature-reserve,,government-organisation:PB202,TG345055,45000414
national-nature-reserve,,government-organisation:PB202,TG361214,45000415
national-nature-reserve,,government-organisation:PB202,TG361214,45000416
national-nature-reserve,,government-organisation:PB202,TG361214,45000417
national-nature-reserve,,government-organisation:PB202,TQ198728,45000418
national-nature-reserve,,government-organisation:PB202,SE658373,45000419
national-nature-reserve,,government-organisation:PB202,SE658373,45000420
national-nature-reserve,,government-organisation:PB202,SJ839132,45000421
national-nature-reserve,,government-organisation:PB202,SJ839132,45000422
national-nature-reserve,,government-organisation:PB202,SD223854,45000423
national-nature-reserve,,government-organisation:PB202,SD223854,45000424
national-nature-reserve,,government-organisation:PB202,SD223854,45000425
national-nature-reserve,,government-organisation:PB202,SD223854,45000426
national-nature-reserve,,government-organisation:PB202,SD223854,45000427
national-nature-reserve,,government-organisation:PB202,SD223854,45000428
national-nature-reserve,,government-organisation:PB202,SD223854,45000429
national-nature-reserve,,government-organisation:PB202,SD223854,45000430
national-nature-reserve,,government-organisation:PB202,SD223854,45000431
national-nature-reserve,,government-organisation:PB202,SD223854,45000432
national-nature-reserve,,government-organisation:PB202,ST985254,45000433
national-nature-reserve,,government-organisation:PB202,SU975646,45000434
national-nature-reserve,,government-organisation:PB202,SU975646,45000435
national-nature-reserve,,government-organisation:PB202,SU975646,45000436
national-nature-reserve,,government-organisation:PB202,SU975646,45000437
national-nature-reserve,,government-organisation:PB202,SU975646,45000438
national-nature-reserve,,government-organisation:PB202,SU975646,45000439
national-nature-reserve,,government-organisation:PB202,SU910407,45000440
national-nature-reserve,,government-organisation:PB202,SU910407,45000441
national-nature-reserve,,government-organisation:PB202,SU910407,45000442
national-nature-reserve,,government-organisation:PB202,SU910407,45000443
national-nature-reserve,,government-organisation:PB202,SK363229,45000444
national-nature-reserve,,government-organisation:PB202,SK363229,45000445
national-nature-reserve,,government-organisation:PB202,SU105638,45000446
national-nature-reserve,,government-organisation:PB202,SU105638,45000447
national-nature-reserve,,government-organisation:PB202,SE985866,45000448
national-nature-reserve,,government-organisation:PB202,SE985866,45000449
national-nature-reserve,,government-organisation:PB202,SE985866,45000450
national-nature-reserve,,government-organisation:PB202,TF686224,45000451
national-nature-reserve,,government-organisation:PB202,SO892115,45000452
national-nature-reserve,,government-organisation:PB202,SO892115,45000453
national-nature-reserve,,government-organisation:PB202,SO892115,45000454
national-nature-reserve,,government-organisation:PB202,SO892115,45000455
national-nature-reserve,,government-organisation:PB202,SO892115,45000456
national-nature-reserve,,government-organisation:PB202,SO892115,45000457
national-nature-reserve,,government-organisation:PB202,SO892115,45000458
national-nature-reserve,,government-organisation:PB202,SO892115,45000459
national-nature-reserve,,government-organisation:PB202,SO892115,45000460
national-nature-reserve,,government-organisation:PB202,SO892115,45000461
national-nature-reserve,,government-organisation:PB202,SO892115,45000462
national-nature-reserve,,government-organisation:PB202,SO892115,45000463
national-nature-reserve,,government-organisation:PB202,SO892115,45000464
national-nature-reserve,,government-organisation:PB202,SO892115,45000465
national-nature-reserve,,government-organisation:PB202,SO892115,45000466
national-nature-reserve,,government-organisation:PB202,SD334821,45000467
national-nature-reserve,,government-organisation:PB202,SD334821,45000468
national-nature-reserve,,government-organisation:PB202,TR073188,45000469
national-nature-reserve,,government-organisation:PB202,TR073188,45000470
national-nature-reserve,,government-organisation:PB202,TR073188,45000471
national-nature-reserve,,government-organisation:PB202,TR073188,45000472
national-nature-reserve,,government-organisation:PB202,TR073188,45000473
national-nature-reserve,,government-organisation:PB202,TR073188,45000474
national-nature-reserve,,government-organisation:PB202,TR073188,45000475
national-nature-reserve,,government-organisation:PB202,TR073188,45000476
national-nature-reserve,,government-organisation:PB202,TR073188,45000477
national-nature-reserve,,government-organisation:PB202,TR073188,45000478
national-nature-reserve,,government-organisation:PB202,TR073188,45000479
national-nature-reserve,,government-organisation:PB202,SX775796,45000480
national-nature-reserve,,government-organisation:PB202,SX775796,45000481
national-nature-reserve,,government-organisation:PB202,SX775796,45000482
national-nature-reserve,,government-organisation:PB202,TL932575,45000483
national-nature-reserve,,government-organisation:PB202,TQ948683,45000484
national-nature-reserve,,government-organisation:PB202,TQ948683,45000485
national-nature-reserve,,government-organisation:PB202,TR038672,45000486
national-nature-reserve,,government-organisation:PB202,TR038672,45000487
national-nature-reserve,,government-organisation:PB202,SD287104,45000488
national-nature-reserve,,government-organisation:PB202,SD282050,45000489
national-nature-reserve,,government-organisation:PB202,TF813462,45000490
national-nature-reserve,,government-organisation:PB202,TG001460,45000491
national-nature-reserve,,government-organisation:PB202,TG001460,45000492
national-nature-reserve,,government-organisation:PB202,TG001460,45000493
national-nature-reserve,,government-organisation:PB202,TG001460,45000494
national-nature-reserve,,government-organisation:PB202,TG001460,45000495
national-nature-reserve,,government-organisation:PB202,TG001460,45000496
national-nature-reserve,,government-organisation:PB202,TG001460,45000497
national-nature-reserve,,government-organisation:PB202,TG001460,45000498
national-nature-reserve,,government-organisation:PB202,TG001460,45000499
national-nature-reserve,,government-organisation:PB202,TG001460,45000500
national-nature-reserve,,government-organisation:PB202,TG001460,45000501
national-nature-reserve,,government-organisation:PB202,TG001460,45000502
national-nature-reserve,,government-organisation:PB202,TG001460,45000503
national-nature-reserve,,government-organisation:PB202,TG001460,45000504
national-nature-reserve,,government-organisation:PB202,TG001460,45000505
national-nature-reserve,,government-organisation:PB202,TG001460,45000506
national-nature-reserve,,government-organisation:PB202,TG001460,45000507
national-nature-reserve,,government-organisation:PB202,TG001460,45000508
national-nature-reserve,,government-organisation:PB202,TG001460,45000509
national-nature-reserve,,government-organisation:PB202,TG001460,45000510
national-nature-reserve,,government-organisation:PB202,TG001460,45000511
national-nature-reserve,,government-organisation:PB202,TG001460,45000512
national-nature-reserve,,government-organisation:PB202,TG001460,45000513
national-nature-reserve,,government-organisation:PB202,TG001460,45000514
national-nature-reserve,,government-organisation:PB202,TG001460,45000515
national-nature-reserve,,government-organisation:PB202,TG001460,45000516
national-nature-reserve,,government-organisation:PB202,TG001460,45000517
national-nature-reserve,,government-organisation:PB202,TG001460,45000518
national-nature-reserve,,government-organisation:PB202,TG001460,45000519
national-nature-reserve,,government-organisation:PB202,TG001460,45000520
national-nature-reserve,,government-organisation:PB202,TG001460,45000521
national-nature-reserve,,government-organisation:PB202,TG001460,45000522
national-nature-reserve,,government-organisation:PB202,TG001460,45000523
national-nature-reserve,,government-organisation:PB202,SW957601,45000524
national-nature-reserve,,government-organisation:PB202,SW957601,45000525
national-nature-reserve,,government-organisation:PB202,SW957601,45000526
national-nature-reserve,,government-organisation:PB202,SW957601,45000527
national-nature-reserve,,government-organisation:PB202,SW957601,45000528
national-nature-reserve,,government-organisation:PB202,SW957601,45000529
national-nature-reserve,,government-organisation:PB202,SW957601,45000530
national-nature-reserve,,government-organisation:PB202,SW957601,45000531
national-nature-reserve,,government-organisation:PB202,SW957601,45000532
national-nature-reserve,,government-organisation:PB202,SW957601,45000533
national-nature-reserve,,government-organisation:PB202,SW957601,45000534
national-nature-reserve,,government-organisation:PB202,SW957601,45000535
national-nature-reserve,,government-organisation:PB202,SW957601,45000536
national-nature-reserve,,government-organisation:PB202,SW957601,45000537
national-nature-reserve,,government-organisation:PB202,SW957601,45000538
national-nature-reserve,,government-organisation:PB202,SW957601,45000539
national-nature-reserve,,government-organisation:PB202,SW957601,45000540
national-nature-reserve,,government-organisation:PB202,SW957601,45000541
national-nature-reserve,,government-organisation:PB202,SW957601,45000542
national-nature-reserve,,government-organisation:PB202,SW957601,45000543
national-nature-reserve,,government-organisation:PB202,SU727965,45000544
national-nature-reserve,,government-organisation:PB202,SU727965,45000545
national-nature-reserve,,government-organisation:PB202,SU727965,45000546
national-nature-reserve,,government-organisation:PB202,SU727965,45000547
national-nature-reserve,,government-organisation:PB202,SU727965,45000548
national-nature-reserve,,government-organisation:PB202,SU727965,45000549
national-nature-reserve,,government-organisation:PB202,TL925860,45000550
national-nature-reserve,,government-organisation:PB202,TG054225,45000551
national-nature-reserve,,government-organisation:PB202,NZ056489,45000552
national-nature-reserve,,government-organisation:PB202,NZ056489,45000553
national-nature-reserve,,government-organisation:PB202,NZ056489,45000554
national-nature-reserve,,government-organisation:PB202,NZ056489,45000555
national-nature-reserve,,government-organisation:PB202,NY845272,45000556
national-nature-reserve,,government-organisation:PB202,NY845272,45000557
national-nature-reserve,,government-organisation:PB202,NY845272,45000558
national-nature-reserve,,government-organisation:PB202,NY845272,45000559
national-nature-reserve,,government-organisation:PB202,NY845272,45000560
national-nature-reserve,,government-organisation:PB202,NY845272,45000561
national-nature-reserve,,government-organisation:PB202,NY845272,45000562
national-nature-reserve,,government-organisation:PB202,NU109413,45000563
national-nature-reserve,,government-organisation:PB202,NU109413,45000564
national-nature-reserve,,government-organisation:PB202,NU109413,45000565
national-nature-reserve,,government-organisation:PB202,NU109413,45000566
national-nature-reserve,,government-organisation:PB202,NU109413,45000567
national-nature-reserve,,government-organisation:PB202,NU109413,45000568
national-nature-reserve,,government-organisation:PB202,NU109413,45000569
national-nature-reserve,,government-organisation:PB202,NU109413,45000570
national-nature-reserve,,government-organisation:PB202,TM477726,45000571
national-nature-reserve,,government-organisation:PB202,TM477726,45000572
national-nature-reserve,,government-organisation:PB202,TM477726,45000573
national-nature-reserve,,government-organisation:PB202,TM477726,45000574
national-nature-reserve,,government-organisation:PB202,TM477726,45000575
national-nature-reserve,,government-organisation:PB202,TM477726,45000576
national-nature-reserve,,government-organisation:PB202,TM477726,45000577
national-nature-reserve,,government-organisation:PB202,SY950873,45000578
national-nature-reserve,,government-organisation:PB202,NY491687,45000579
national-nature-reserve,,government-organisation:PB202,NY491687,45000580
national-nature-reserve,,government-organisation:PB202,NY491687,45000581
national-nature-reserve,,government-organisation:PB202,TL536199,45000582
national-nature-reserve,,government-organisation:PB202,TL536199,45000583
national-nature-reserve,,government-organisation:PB202,SU231207,45000584
national-nature-reserve,,government-organisation:PB202,SU231207,45000585
national-nature-reserve,,government-organisation:PB202,SU231207,45000586
national-nature-reserve,,government-organisation:PB202,SU046195,45000587
national-nature-reserve,,government-organisation:PB202,SU046195,45000588
national-nature-reserve,,government-organisation:PB202,SZ412985,45000589
national-nature-reserve,,government-organisation:PB202,SZ412985,45000590
national-nature-reserve,,government-organisation:PB202,SZ412985,45000591
national-nature-reserve,,government-organisation:PB202,SZ412985,45000592
national-nature-reserve,,government-organisation:PB202,SZ412985,45000593
national-nature-reserve,,government-organisation:PB202,SZ412985,45000594
national-nature-reserve,,government-organisation:PB202,SZ412985,45000595
national-nature-reserve,,government-organisation:PB202,SZ412985,45000596
national-nature-reserve,,government-organisation:PB202,SZ412985,45000597
national-nature-reserve,,government-organisation:PB202,SZ412985,45000598
national-nature-reserve,,government-organisation:PB202,SU739268,45000599
national-nature-reserve,,government-organisation:PB202,SU739268,45000600
national-nature-reserve,,government-organisation:PB202,SU739268,45000601
national-nature-reserve,,government-organisation:PB202,SZ420911,45000602
national-nature-reserve,,government-organisation:PB202,SZ420911,45000603
national-nature-reserve,,government-organisation:PB202,SZ420911,45000604
national-nature-reserve,,government-organisation:PB202,SZ420911,45000605
national-nature-reserve,,government-organisation:PB202,SZ420911,45000606
national-nature-reserve,,government-organisation:PB202,SZ027772,45000607
national-nature-reserve,,government-organisation:PB202,SY952913,45000608
national-nature-reserve,,government-organisation:PB202,SY952913,45000609
national-nature-reserve,,government-organisation:PB202,SY952913,45000610
national-nature-reserve,,government-organisation:PB202,SY913914,45000611
national-nature-reserve,,government-organisation:PB202,SY913914,45000612
national-nature-reserve,,government-organisation:PB202,SY913914,45000613
national-nature-reserve,,government-organisation:PB202,SY982854,45000614
national-nature-reserve,,government-organisation:PB202,SY982854,45000615
national-nature-reserve,,government-organisation:PB202,SY982854,45000616
national-nature-reserve,,government-organisation:PB202,SY982854,45000617
national-nature-reserve,,government-organisation:PB202,SY982854,45000618
national-nature-reserve,,government-organisation:PB202,SY982854,45000619
national-nature-reserve,,government-organisation:PB202,SY982854,45000620
national-nature-reserve,,government-organisation:PB202,SY982854,45000621
national-nature-reserve,,government-organisation:PB202,SY982854,45000622
national-nature-reserve,,government-organisation:PB202,SY982854,45000623
national-nature-reserve,,government-organisation:PB202,SY982854,45000624
national-nature-reserve,,government-organisation:PB202,SY982854,45000625
national-nature-reserve,,government-organisation:PB202,SY982854,45000626
national-nature-reserve,,government-organisation:PB202,SY982854,45000627
national-nature-reserve,,government-organisation:PB202,SY982854,45000628
national-nature-reserve,,government-organisation:PB202,SY982854,45000629
national-nature-reserve,,government-organisation:PB202,SY982854,45000630
national-nature-reserve,,government-organisation:PB202,SY982854,45000631
national-nature-reserve,,government-organisation:PB202,SY982854,45000632
national-nature-reserve,,government-organisation:PB202,SY982854,45000633
national-nature-reserve,,government-organisation:PB202,SY982854,45000634
national-nature-reserve,,government-organisation:PB202,SY982854,45000635
national-nature-reserve,,government-organisation:PB202,TM435491,45000636
national-nature-reserve,,government-organisation:PB202,TM435491,45000637
national-nature-reserve,,government-organisation:PB202,SO933872,45000638
national-nature-reserve,,government-organisation:PB202,SO933872,45000639
national-nature-reserve,,government-organisation:PB202,SD361244,45000640
national-nature-reserve,,government-organisation:PB202,SD361244,45000641
national-nature-reserve,,government-organisation:PB202,SD361244,45000642
national-nature-reserve,,government-organisation:PB202,SD361244,45000643
national-nature-reserve,,government-organisation:PB202,SD361244,45000644
national-nature-reserve,,government-organisation:PB202,SD361244,45000645
national-nature-reserve,,government-organisation:PB202,SD361244,45000646
national-nature-reserve,,government-organisation:PB202,SD361244,45000647
national-nature-reserve,,government-organisation:PB202,SD361244,45000648
national-nature-reserve,,government-organisation:PB202,SD361244,45000649
national-nature-reserve,,government-organisation:PB202,SD361244,45000650
national-nature-reserve,,government-organisation:PB202,SD361244,45000651
national-nature-reserve,,government-organisation:PB202,SD361244,45000652
national-nature-reserve,,government-organisation:PB202,SD361244,45000653
national-nature-reserve,,government-organisation:PB202,SD361244,45000654
national-nature-reserve,,government-organisation:PB202,SP921294,45000655
national-nature-reserve,,government-organisation:PB202,SP921294,45000656
national-nature-reserve,,government-organisation:PB202,SP921294,45000657
national-nature-reserve,,government-organisation:PB202,SP921294,45000658
national-nature-reserve,,government-organisation:PB202,SP921294,45000659
national-nature-reserve,,government-organisation:PB202,SP921294,45000660
national-nature-reserve,,government-organisation:PB202,SP921294,45000661
national-nature-reserve,,government-organisation:PB202,SP921294,45000662
national-nature-reserve,,government-organisation:PB202,SP921294,45000663
national-nature-reserve,,government-organisation:PB202,SE703436,45000664
national-nature-reserve,,government-organisation:PB202,SE703436,45000665
national-nature-reserve,,government-organisation:PB202,SE703436,45000666
national-nature-reserve,,government-organisation:PB202,SE703436,45000667
national-nature-reserve,,government-organisation:PB202,SE703436,45000668
national-nature-reserve,,government-organisation:PB202,SE703436,45000669
national-nature-reserve,,government-organisation:PB202,SE703436,45000670
national-nature-reserve,,government-organisation:PB202,SE703436,45000671
national-nature-reserve,,government-organisation:PB202,SE703436,45000672
national-nature-reserve,,government-organisation:PB202,SE703436,45000673
national-nature-reserve,,government-organisation:PB202,SE703436,45000674
national-nature-reserve,,government-organisation:PB202,SE703436,45000675
national-nature-reserve,,government-organisation:PB202,SE703436,45000676
national-nature-reserve,,government-organisation:PB202,SE703436,45000677
national-nature-reserve,,government-organisation:PB202,SE703436,45000678
national-nature-reserve,,government-organisation:PB202,SE703436,45000679
national-nature-reserve,,government-organisation:PB202,SE703436,45000680
national-nature-reserve,,government-organisation:PB202,SE703436,45000681
national-nature-reserve,,government-organisation:PB202,SE703436,45000682
national-nature-reserve,,government-organisation:PB202,SE703436,45000683
national-nature-reserve,,government-organisation:PB202,SE703436,45000684
national-nature-reserve,,government-organisation:PB202,SE703436,45000685
national-nature-reserve,,government-organisation:PB202,SE703436,45000686
national-nature-reserve,,government-organisation:PB202,SE703436,45000687
national-nature-reserve,,government-organisation:PB202,SE703436,45000688
national-nature-reserve,,government-organisation:PB202,SE703436,45000689
national-nature-reserve,,government-organisation:PB202,SE703436,45000690
national-nature-reserve,,government-organisation:PB202,SE703436,45000691
national-nature-reserve,,government-organisation:PB202,SE703436,45000692
national-nature-reserve,,government-organisation:PB202,SE703436,45000693
national-nature-reserve,,government-organisation:PB202,SE703436,45000694
national-nature-reserve,,government-organisation:PB202,SE703436,45000695
national-nature-reserve,,government-organisation:PB202,SE703436,45000696
national-nature-reserve,,government-organisation:PB202,SE703436,45000697
national-nature-reserve,,government-organisation:PB202,SE703436,45000698
national-nature-reserve,,government-organisation:PB202,SE703436,45000699
national-nature-reserve,,government-organisation:PB202,SE703436,45000700
national-nature-reserve,,government-organisation:PB202,SE703436,45000701
national-nature-reserve,,government-organisation:PB202,SE703436,45000702
national-nature-reserve,,government-organisation:PB202,SE703436,45000703
national-nature-reserve,,government-organisation:PB202,SE703436,45000704
national-nature-reserve,,government-organisation:PB202,SE703436,45000705
national-nature-reserve,,government-organisation:PB202,SE703436,45000706
national-nature-reserve,,government-organisation:PB202,SE703436,45000707
national-nature-reserve,,government-organisation:PB202,NZ326385,45000708
national-nature-reserve,,government-organisation:PB202,SD762762,45000709
national-nature-reserve,,government-organisation:PB202,SD762762,45000710
national-nature-reserve,,government-organisation:PB202,SD762762,45000711
national-nature-reserve,,government-organisation:PB202,SD762762,45000712
national-nature-reserve,,government-organisation:PB202,SY044874,45000713
national-nature-reserve,,government-organisation:PB202,SY044874,45000714
national-nature-reserve,,government-organisation:PB202,SY044874,45000715
national-nature-reserve,,government-organisation:PB202,SY044874,45000716
national-nature-reserve,,government-organisation:PB202,SY044874,45000717
national-nature-reserve,,government-organisation:PB202,SY044874,45000718
national-nature-reserve,,government-organisation:PB202,SY044874,45000719
national-nature-reserve,,government-organisation:PB202,SY044874,45000720
national-nature-reserve,,government-organisation:PB202,SY044874,45000721
national-nature-reserve,,government-organisation:PB202,SY044874,45000722
national-nature-reserve,,government-organisation:PB202,SY044874,45000723
national-nature-reserve,,government-organisation:PB202,SY044874,45000724
national-nature-reserve,,government-organisation:PB202,SY044874,45000725
national-nature-reserve,,government-organisation:PB202,SY044874,45000726
national-nature-reserve,,government-organisation:PB202,SY044874,45000727
national-nature-reserve,,government-organisation:PB202,SY044874,45000728
national-nature-reserve,,government-organisation:PB202,SY044874,45000729
national-nature-reserve,,government-organisation:PB202,SY044874,45000730
national-nature-reserve,,government-organisation:PB202,TM522829,45000731
national-nature-reserve,,government-organisation:PB202,TM522829,45000732
national-nature-reserve,,government-organisation:PB202,TM522829,45000733
national-nature-reserve,,government-organisation:PB202,TM522829,45000734
national-nature-reserve,,government-organisation:PB202,TQ305568,45000735
national-nature-reserve,,government-organisation:PB202,TQ305568,45000736
national-nature-reserve,,government-organisation:PB202,TQ305568,45000737
national-nature-reserve,,government-organisation:PB202,SY547982,45000738
national-nature-reserve,,government-organisation:PB202,SY547982,45000739
national-nature-reserve,,government-organisation:PB202,SY547982,45000740
national-nature-reserve,,government-organisation:PB202,SY547982,45000741
national-nature-reserve,,government-organisation:PB202,SY547982,45000742
national-nature-reserve,,government-organisation:PB202,SY547982,45000743
national-nature-reserve,,government-organisation:PB202,SY547982,45000744
national-nature-reserve,,government-organisation:PB202,SY547982,45000745
national-nature-reserve,,government-organisation:PB202,SY547982,45000746
national-nature-reserve,,government-organisation:PB202,NZ528259,45000747
national-nature-reserve,,government-organisation:PB202,NZ528259,45000748
national-nature-reserve,,government-organisation:PB202,NZ528259,45000749
national-nature-reserve,,government-organisation:PB202,SU055043,45000750
national-nature-reserve,,government-organisation:PB202,SU055043,45000751
national-nature-reserve,,government-organisation:PB202,SU055043,45000752
national-nature-reserve,,government-organisation:PB202,SU055043,45000753
national-nature-reserve,,government-organisation:PB202,SU055043,45000754
national-nature-reserve,,government-organisation:PB202,SU055043,45000755
national-nature-reserve,,government-organisation:PB202,SU055043,45000756
national-nature-reserve,,government-organisation:PB202,SU055043,45000757
national-nature-reserve,,government-organisation:PB202,SU055043,45000758
national-nature-reserve,,government-organisation:PB202,SU055043,45000759
national-nature-reserve,,government-organisation:PB202,SJ488366,45000760
national-nature-reserve,,government-organisation:PB202,SJ488366,45000761
national-nature-reserve,,government-organisation:PB202,SJ488366,45000762
national-nature-reserve,,government-organisation:PB202,SJ488366,45000763
national-nature-reserve,,government-organisation:PB202,SJ488366,45000764
national-nature-reserve,,government-organisation:PB202,SJ488366,45000765
national-nature-reserve,,government-organisation:PB202,SJ488366,45000766
national-nature-reserve,,government-organisation:PB202,SJ488366,45000767
national-nature-reserve,,government-organisation:PB202,SJ488366,45000768
national-nature-reserve,,government-organisation:PB202,SJ488366,45000769
national-nature-reserve,,government-organisation:PB202,SJ488366,45000770
national-nature-reserve,,government-organisation:PB202,SJ488366,45000771
national-nature-reserve,,government-organisation:PB202,SO937918,45000772
national-nature-reserve,,government-organisation:PB202,SO937918,45000773
national-nature-reserve,,government-organisation:PB202,SU054415,45000774
national-nature-reserve,,government-organisation:PB202,NY400274,45000775
national-nature-reserve,,government-organisation:PB202,SY298901,45000776
national-nature-reserve,,government-organisation:PB202,NY217291,45000777
national-nature-reserve,,government-organisation:PB202,SD447865,45000778
national-nature-reserve,,government-organisation:PB202,TF672287,45000779
national-nature-reserve,,government-organisation:PB202,ST264469,45000780
national-nature-reserve,,government-organisation:PB202,ST264469,45000781
national-nature-reserve,,government-organisation:PB202,ST264469,45000782
national-nature-reserve,,government-organisation:PB202,ST264469,45000783
national-nature-reserve,,government-organisation:PB202,ST264469,45000784
national-nature-reserve,,government-organisation:PB202,ST264469,45000785
national-nature-reserve,,government-organisation:PB202,ST264469,45000786
national-nature-reserve,,government-organisation:PB202,ST264469,45000787
national-nature-reserve,,government-organisation:PB202,ST264469,45000788
national-nature-reserve,,government-organisation:PB202,ST264469,45000789
national-nature-reserve,,government-organisation:PB202,ST264469,45000790
national-nature-reserve,,government-organisation:PB202,ST264469,45000791
national-nature-reserve,,government-organisation:PB202,ST264469,45000792
national-nature-reserve,,government-organisation:PB202,ST264469,45000793
national-nature-reserve,,government-organisation:PB202,ST264469,45000794
national-nature-reserve,,government-organisation:PB202,ST264469,45000795
national-nature-reserve,,government-organisation:PB202,ST264469,45000796
national-nature-reserve,,government-organisation:PB202,ST264469,45000797
national-nature-reserve,,government-organisation:PB202,ST264469,45000798
national-nature-reserve,,government-organisation:PB202,ST264469,45000799
national-nature-reserve,,government-organisation:PB202,ST264469,45000800
national-nature-reserve,,government-organisation:PB202,ST264469,45000801
national-nature-reserve,,government-organisation:PB202,ST264469,45000802
national-nature-reserve,,government-organisation:PB202,ST264469,45000803
national-nature-reserve,,government-organisation:PB202,ST264469,45000804
national-nature-reserve,,government-organisation:PB202,ST264469,45000805
national-nature-reserve,,government-organisation:PB202,ST264469,45000806
national-nature-reserve,,government-organisation:PB202,ST264469,45000807
national-nature-reserve,,government-organisation:PB202,ST264469,45000808
national-nature-reserve,,government-organisation:PB202,ST264469,45000809
national-nature-reserve,,government-organisation:PB202,ST264469,45000810
national-nature-reserve,,government-organisation:PB202,ST264469,45000811
national-nature-reserve,,government-organisation:PB202,ST264469,45000812
national-nature-reserve,,government-organisation:PB202,ST264469,45000813
national-nature-reserve,,government-organisation:PB202,ST264469,45000814
national-nature-reserve,,government-organisation:PB202,ST264469,45000815
national-nature-reserve,,government-organisation:PB202,ST264469,45000816
national-nature-reserve,,government-organisation:PB202,ST264469,45000817
national-nature-reserve,,government-organisation:PB202,ST264469,45000818
national-nature-reserve,,government-organisation:PB202,ST264469,45000819
national-nature-reserve,,government-organisation:PB202,ST264469,45000820
national-nature-reserve,,government-organisation:PB202,ST264469,45000821
national-nature-reserve,,government-organisation:PB202,ST264469,45000822
national-nature-reserve,,government-organisation:PB202,ST264469,45000823
national-nature-reserve,,government-organisation:PB202,ST264469,45000824
national-nature-reserve,,government-organisation:PB202,ST264469,45000825
national-nature-reserve,,government-organisation:PB202,ST264469,45000826
national-nature-reserve,,government-organisation:PB202,ST264469,45000827
national-nature-reserve,,government-organisation:PB202,ST264469,45000828
national-nature-reserve,,government-organisation:PB202,ST264469,45000829
national-nature-reserve,,government-organisation:PB202,ST264469,45000830
national-nature-reserve,,government-organisation:PB202,ST264469,45000831
national-nature-reserve,,government-organisation:PB202,ST264469,45000832
national-nature-reserve,,government-organisation:PB202,ST264469,45000833
national-nature-reserve,,government-organisation:PB202,ST264469,45000834
national-nature-reserve,,government-organisation:PB202,ST264469,45000835
national-nature-reserve,,government-organisation:PB202,ST264469,45000836
national-nature-reserve,,government-organisation:PB202,ST264469,45000837
national-nature-reserve,,government-organisation:PB202,ST264469,45000838
national-nature-reserve,,government-organisation:PB202,ST264469,45000839
national-nature-reserve,,government-organisation:PB202,ST264469,45000840
national-nature-reserve,,government-organisation:PB202,ST264469,45000841
national-nature-reserve,,government-organisation:PB202,ST264469,45000842
national-nature-reserve,,government-organisation:PB202,ST264469,45000843
national-nature-reserve,,government-organisation:PB202,ST264469,45000844
national-nature-reserve,,government-organisation:PB202,ST264469,45000845
national-nature-reserve,,government-organisation:PB202,ST264469,45000846
national-nature-reserve,,government-organisation:PB202,ST264469,45000847
national-nature-reserve,,government-organisation:PB202,ST264469,45000848
national-nature-reserve,,government-organisation:PB202,ST264469,45000849
national-nature-reserve,,government-organisation:PB202,ST264469,45000850
national-nature-reserve,,government-organisation:PB202,ST264469,45000851
national-nature-reserve,,government-organisation:PB202,ST264469,45000852
national-nature-reserve,,government-organisation:PB202,ST264469,45000853
national-nature-reserve,,government-organisation:PB202,ST264469,45000854
national-nature-reserve,,government-organisation:PB202,ST264469,45000855
national-nature-reserve,,government-organisation:PB202,ST264469,45000856
national-nature-reserve,,government-organisation:PB202,ST264469,45000857
national-nature-reserve,,government-organisation:PB202,ST264469,45000858
national-nature-reserve,,government-organisation:PB202,ST264469,45000859
national-nature-reserve,,government-organisation:PB202,ST264469,45000860
national-nature-reserve,,government-organisation:PB202,ST264469,45000861
national-nature-reserve,,government-organisation:PB202,ST264469,45000862
national-nature-reserve,,government-organisation:PB202,ST264469,45000863
national-nature-reserve,,government-organisation:PB202,ST264469,45000864
national-nature-reserve,,government-organisation:PB202,ST264469,45000865
national-nature-reserve,,government-organisation:PB202,ST264469,45000866
national-nature-reserve,,government-organisation:PB202,ST264469,45000867
national-nature-reserve,,government-organisation:PB202,ST264469,45000868
national-nature-reserve,,government-organisation:PB202,ST264469,45000869
national-nature-reserve,,government-organisation:PB202,ST264469,45000870
national-nature-reserve,,government-organisation:PB202,ST264469,45000871
national-nature-reserve,,government-organisation:PB202,ST264469,45000872
national-nature-reserve,,government-organisation:PB202,ST264469,45000873
national-nature-reserve,,government-organisation:PB202,ST264469,45000874
national-nature-reserve,,government-organisation:PB202,ST264469,45000875
national-nature-reserve,,government-organisation:PB202,ST264469,45000876
national-nature-reserve,,government-organisation:PB202,ST264469,45000877
national-nature-reserve,,government-organisation:PB202,ST264469,45000878
national-nature-reserve,,government-organisation:PB202,ST264469,45000879
national-nature-reserve,,government-organisation:PB202,ST264469,45000880
national-nature-reserve,,government-organisation:PB202,ST264469,45000881
national-nature-reserve,,government-organisation:PB202,ST264469,45000882
national-nature-reserve,,government-organisation:PB202,ST264469,45000883
national-nature-reserve,,government-organisation:PB202,ST264469,45000884
national-nature-reserve,,government-organisation:PB202,ST264469,45000885
national-nature-reserve,,government-organisation:PB202,ST264469,45000886
national-nature-reserve,,government-organisation:PB202,ST264469,45000887
national-nature-reserve,,government-organisation:PB202,ST264469,45000888
national-nature-reserve,,government-organisation:PB202,ST264469,45000889
national-nature-reserve,,government-organisation:PB202,ST264469,45000890
national-nature-reserve,,government-organisation:PB202,ST264469,45000891
national-nature-reserve,,government-organisation:PB202,ST264469,45000892
national-nature-reserve,,government-organisation:PB202,ST264469,45000893
national-nature-reserve,,government-organisation:PB202,ST264469,45000894
national-nature-reserve,,government-organisation:PB202,ST264469,45000895
national-nature-reserve,,government-organisation:PB202,ST264469,45000896
national-nature-reserve,,government-organisation:PB202,ST264469,45000897
national-nature-reserve,,government-organisation:PB202,ST264469,45000898
national-nature-reserve,,government-organisation:PB202,ST264469,45000899
national-nature-reserve,,government-organisation:PB202,ST264469,45000900
national-nature-reserve,,government-organisation:PB202,ST264469,45000901
national-nature-reserve,,government-organisation:PB202,ST264469,45000902
national-nature-reserve,,government-organisation:PB202,ST264469,45000903
national-nature-reserve,,government-organisation:PB202,ST264469,45000904
national-nature-reserve,,government-organisation:PB202,ST264469,45000905
national-nature-reserve,,government-organisation:PB202,ST264469,45000906
national-nature-reserve,,government-organisation:PB202,ST264469,45000907
national-nature-reserve,,government-organisation:PB202,ST264469,45000908
national-nature-reserve,,government-organisation:PB202,ST264469,45000909
national-nature-reserve,,government-organisation:PB202,ST264469,45000910
national-nature-reserve,,government-organisation:PB202,ST264469,45000911
national-nature-reserve,,government-organisation:PB202,ST264469,45000912
national-nature-reserve,,government-organisation:PB202,ST264469,45000913
national-nature-reserve,,government-organisation:PB202,ST264469,45000914
national-nature-reserve,,government-organisation:PB202,ST264469,45000915
national-nature-reserve,,government-organisation:PB202,ST264469,45000916
national-nature-reserve,,government-organisation:PB202,ST264469,45000917
national-nature-reserve,,government-organisation:PB202,ST264469,45000918
national-nature-reserve,,government-organisation:PB202,ST264469,45000919
national-nature-reserve,,government-organisation:PB202,ST264469,45000920
national-nature-reserve,,government-organisation:PB202,ST264469,45000921
national-nature-reserve,,government-organisation:PB202,ST264469,45000922
national-nature-reserve,,government-organisation:PB202,ST264469,45000923
national-nature-reserve,,government-organisation:PB202,ST264469,45000924
national-nature-reserve,,government-organisation:PB202,ST264469,45000925
national-nature-reserve,,government-organisation:PB202,ST264469,45000926
national-nature-reserve,,government-organisation:PB202,ST264469,45000927
national-nature-reserve,,government-organisation:PB202,ST264469,45000928
national-nature-reserve,,government-organisation:PB202,TG007316,45000929
national-nature-reserve,,government-organisation:PB202,TG007316,45000930
national-nature-reserve,,government-organisation:PB202,TG007316,45000931
national-nature-reserve,,government-organisation:PB202,TG007316,45000932
national-nature-reserve,,government-organisation:PB202,SK146525,45000933
national-nature-reserve,,government-organisation:PB202,SK146525,45000934
national-nature-reserve,,government-organisation:PB202,SK146525,45000935
national-nature-reserve,,government-organisation:PB202,SK146525,45000936
national-nature-reserve,,government-organisation:PB202,SK146525,45000937
national-nature-reserve,,government-organisation:PB202,SK146525,45000938
national-nature-reserve,,government-organisation:PB202,SK146525,45000939
national-nature-reserve,,government-organisation:PB202,SK146525,45000940
national-nature-reserve,,government-organisation:PB202,TQ093889,45000941
national-nature-reserve,,government-organisation:PB202,TQ093889,45000942
national-nature-reserve,,government-organisation:PB202,TQ093889,45000943
national-nature-reserve,,government-organisation:PB202,TQ093889,45000944
national-nature-reserve,,government-organisation:PB202,SK080877,45000945
national-nature-reserve,,government-organisation:PB202,SE730155,45000946
national-nature-reserve,,government-organisation:PB202,SE730155,45000947
national-nature-reserve,,government-organisation:PB202,SE730155,45000948
national-nature-reserve,,government-organisation:PB202,SE730155,45000949
national-nature-reserve,,government-organisation:PB202,SD632014,45000950
national-nature-reserve,,government-organisation:PB202,SD632014,45000951
national-nature-reserve,,government-organisation:PB202,SD632014,45000952
national-nature-reserve,,government-organisation:PB202,SD632014,45000953
national-nature-reserve,,government-organisation:PB202,SD632014,45000954
national-nature-reserve,,government-organisation:PB202,SD632014,45000955
national-nature-reserve,,government-organisation:PB202,SD632014,45000956
national-nature-reserve,,government-organisation:PB202,SD632014,45000957
national-nature-reserve,,government-organisation:PB202,SD632014,45000958
national-nature-reserve,,government-organisation:PB202,SD632014,45000959
national-nature-reserve,,government-organisation:PB202,SD632014,45000960
national-nature-reserve,,government-organisation:PB202,SD632014,45000961
national-nature-reserve,,government-organisation:PB202,SO748770,45000962
national-nature-reserve,,government-organisation:PB202,SO748770,45000963
national-nature-reserve,,government-organisation:PB202,SO748770,45000964
national-nature-reserve,,government-organisation:PB202,SO748770,45000965
national-nature-reserve,,government-organisation:PB202,SO748770,45000966
national-nature-reserve,,government-organisation:PB202,SO748770,45000967
national-nature-reserve,,government-organisation:PB202,SO748770,45000968
national-nature-reserve,,government-organisation:PB202,SO748770,45000969
national-nature-reserve,,government-organisation:PB202,SO748770,45000970
national-nature-reserve,,government-organisation:PB202,SO748770,45000971
national-nature-reserve,,government-organisation:PB202,SO748770,45000972
national-nature-reserve,,government-organisation:PB202,SO748770,45000973
national-nature-reserve,,government-organisation:PB202,NY140134,45000974
national-nature-reserve,,government-organisation:PB202,NY140134,45000975
national-nature-reserve,,government-organisation:PB202,NY276569,45000976
national-nature-reserve,,government-organisation:PB202,NY276569,45000977
national-nature-reserve,,government-organisation:PB202,SD358976,45000978
national-nature-reserve,,government-organisation:PB202,TF555298,45000979
national-nature-reserve,,government-organisation:PB202,TF555298,45000980
national-nature-reserve,,government-organisation:PB202,TF555298,45000981
national-nature-reserve,,government-organisation:PB202,TF555298,45000982
national-nature-reserve,,government-organisation:PB202,TF555298,45000983
national-nature-reserve,,government-organisation:PB202,TF555298,45000984
national-nature-reserve,,government-organisation:PB202,TF555298,45000985
national-nature-reserve,,government-organisation:PB202,TF555298,45000986
national-nature-reserve,,government-organisation:PB202,TF555298,45000987
national-nature-reserve,,government-organisation:PB202,SW724191,45000988
national-nature-reserve,,government-organisation:PB202,SW724191,45000989
national-nature-reserve,,government-organisation:PB202,SW724191,45000990
national-nature-reserve,,government-organisation:PB202,SW724191,45000991
national-nature-reserve,,government-organisation:PB202,SW724191,45000992
national-nature-reserve,,government-organisation:PB202,SW724191,45000993
national-nature-reserve,,government-organisation:PB202,SW724191,45000994
national-nature-reserve,,government-organisation:PB202,SW724191,45000995
national-nature-reserve,,government-organisation:PB202,SW724191,45000996
national-nature-reserve,,government-organisation:PB202,SW724191,45000997
national-nature-reserve,,government-organisation:PB202,SW724191,45000998
national-nature-reserve,,government-organisation:PB202,SW724191,45000999
national-nature-reserve,,government-organisation:PB202,TF456951,45001000
national-nature-reserve,,government-organisation:PB202,TF456951,45001001
national-nature-reserve,,government-organisation:PB202,TF456951,45001002
national-nature-reserve,,government-organisation:PB202,TF456951,45001003
national-nature-reserve,,government-organisation:PB202,TF456951,45001004
national-nature-reserve,,government-organisation:PB202,TF456951,45001005
national-nature-reserve,,government-organisation:PB202,TF456951,45001006
national-nature-reserve,,government-organisation:PB202,SO378410,45001007
national-nature-reserve,,government-organisation:PB202,ST402557,45001008
national-nature-reserve,,government-organisation:PB202,ST402557,45001009
national-nature-reserve,,government-organisation:PB202,ST402557,45001010
national-nature-reserve,,government-organisation:PB202,ST402557,45001011
national-nature-reserve,,government-organisation:PB202,ST402557,45001012
national-nature-reserve,,government-organisation:PB202,ST402557,45001013
national-nature-reserve,,government-organisation:PB202,ST402557,45001014
national-nature-reserve,,government-organisation:PB202,ST402557,45001015
national-nature-reserve,,government-organisation:PB202,ST402557,45001016
national-nature-reserve,,government-organisation:PB202,ST402557,45001017
national-nature-reserve,,government-organisation:PB202,ST402557,45001018
national-nature-reserve,,government-organisation:PB202,ST402557,45001019
national-nature-reserve,,government-organisation:PB202,ST402557,45001020
national-nature-reserve,,government-organisation:PB202,ST402557,45001021
national-nature-reserve,,government-organisation:PB202,ST402557,45001022
national-nature-reserve,,government-organisation:PB202,ST402557,45001023
national-nature-reserve,,government-organisation:PB202,ST402557,45001024
national-nature-reserve,,government-organisation:PB202,ST402557,45001025
national-nature-reserve,,government-organisation:PB202,ST402557,45001026
national-nature-reserve,,government-organisation:PB202,ST402557,45001027
national-nature-reserve,,government-organisation:PB202,ST402557,45001028
national-nature-reserve,,government-organisation:PB202,ST402557,45001029
national-nature-reserve,,government-organisation:PB202,ST402557,45001030
national-nature-reserve,,government-organisation:PB202,ST402557,45001031
national-nature-reserve,,government-organisation:PB202,ST402557,45001032
national-nature-reserve,,government-organisation:PB202,ST402557,45001033
